{
  "hash": "f86e3651",
  "configHash": "f2b7fcd7",
  "lockfileHash": "71373b43",
  "browserHash": "50ca6d06",
  "optimized": {
    "@angular/core": {
      "src": "../../../../../../node_modules/@angular/core/fesm2022/core.mjs",
      "file": "@angular_core.js",
      "fileHash": "518eeece",
      "needsInterop": false
    },
    "@angular/platform-browser": {
      "src": "../../../../../../node_modules/@angular/platform-browser/fesm2022/platform-browser.mjs",
      "file": "@angular_platform-browser.js",
      "fileHash": "e86a4d10",
      "needsInterop": false
    },
    "@angular/platform-browser/animations/async": {
      "src": "../../../../../../node_modules/@angular/platform-browser/fesm2022/animations/async.mjs",
      "file": "@angular_platform-browser_animations_async.js",
      "fileHash": "df98cb7e",
      "needsInterop": false
    },
    "@angular/router": {
      "src": "../../../../../../node_modules/@angular/router/fesm2022/router.mjs",
      "file": "@angular_router.js",
      "fileHash": "6f7c6207",
      "needsInterop": false
    },
    "@primeng/themes/aura": {
      "src": "../../../../../../node_modules/@primeng/themes/aura/index.mjs",
      "file": "@primeng_themes_aura.js",
      "fileHash": "2cbe357f",
      "needsInterop": false
    },
    "primeng/config": {
      "src": "../../../../../../node_modules/primeng/fesm2022/primeng-config.mjs",
      "file": "primeng_config.js",
      "fileHash": "0a417e3a",
      "needsInterop": false
    },
    "primeng/button": {
      "src": "../../../../../../node_modules/primeng/fesm2022/primeng-button.mjs",
      "file": "primeng_button.js",
      "fileHash": "28821cf9",
      "needsInterop": false
    },
    "primeng/api": {
      "src": "../../../../../../node_modules/primeng/fesm2022/primeng-api.mjs",
      "file": "primeng_api.js",
      "fileHash": "9abb3498",
      "needsInterop": false
    },
    "primeng/menubar": {
      "src": "../../../../../../node_modules/primeng/fesm2022/primeng-menubar.mjs",
      "file": "primeng_menubar.js",
      "fileHash": "c7ccf200",
      "needsInterop": false
    },
    "primeng/badge": {
      "src": "../../../../../../node_modules/primeng/fesm2022/primeng-badge.mjs",
      "file": "primeng_badge.js",
      "fileHash": "942b28f7",
      "needsInterop": false
    },
    "primeng/avatar": {
      "src": "../../../../../../node_modules/primeng/fesm2022/primeng-avatar.mjs",
      "file": "primeng_avatar.js",
      "fileHash": "f69c5c29",
      "needsInterop": false
    },
    "primeng/inputtext": {
      "src": "../../../../../../node_modules/primeng/fesm2022/primeng-inputtext.mjs",
      "file": "primeng_inputtext.js",
      "fileHash": "44964c8a",
      "needsInterop": false
    },
    "@angular/common": {
      "src": "../../../../../../node_modules/@angular/common/fesm2022/common.mjs",
      "file": "@angular_common.js",
      "fileHash": "6d081e7b",
      "needsInterop": false
    },
    "primeng/ripple": {
      "src": "../../../../../../node_modules/primeng/fesm2022/primeng-ripple.mjs",
      "file": "primeng_ripple.js",
      "fileHash": "7d463c8b",
      "needsInterop": false
    },
    "@primeng/themes/material": {
      "src": "../../../../../../node_modules/@primeng/themes/material/index.mjs",
      "file": "@primeng_themes_material.js",
      "fileHash": "93be0b93",
      "needsInterop": false
    },
    "rxjs": {
      "src": "../../../../../../node_modules/rxjs/dist/esm5/index.js",
      "file": "rxjs.js",
      "fileHash": "c92b427a",
      "needsInterop": false
    },
    "rxjs/operators": {
      "src": "../../../../../../node_modules/rxjs/dist/esm5/operators/index.js",
      "file": "rxjs_operators.js",
      "fileHash": "38bb3a08",
      "needsInterop": false
    },
    "@angular/common/http": {
      "src": "../../../../../../node_modules/@angular/common/fesm2022/http.mjs",
      "file": "@angular_common_http.js",
      "fileHash": "ee0b78da",
      "needsInterop": false
    },
    "primeng/card": {
      "src": "../../../../../../node_modules/primeng/fesm2022/primeng-card.mjs",
      "file": "primeng_card.js",
      "fileHash": "e0815dfe",
      "needsInterop": false
    },
    "@angular/forms": {
      "src": "../../../../../../node_modules/@angular/forms/fesm2022/forms.mjs",
      "file": "@angular_forms.js",
      "fileHash": "f9587535",
      "needsInterop": false
    },
    "primeng/inputgroup": {
      "src": "../../../../../../node_modules/primeng/fesm2022/primeng-inputgroup.mjs",
      "file": "primeng_inputgroup.js",
      "fileHash": "bce9d5a4",
      "needsInterop": false
    },
    "primeng/inputgroupaddon": {
      "src": "../../../../../../node_modules/primeng/fesm2022/primeng-inputgroupaddon.mjs",
      "file": "primeng_inputgroupaddon.js",
      "fileHash": "b9f3a5d4",
      "needsInterop": false
    },
    "primeng/menu": {
      "src": "../../../../../../node_modules/primeng/fesm2022/primeng-menu.mjs",
      "file": "primeng_menu.js",
      "fileHash": "80bfa6c8",
      "needsInterop": false
    },
    "primeng/overlaybadge": {
      "src": "../../../../../../node_modules/primeng/fesm2022/primeng-overlaybadge.mjs",
      "file": "primeng_overlaybadge.js",
      "fileHash": "9d3946e2",
      "needsInterop": false
    },
    "primeng/tabs": {
      "src": "../../../../../../node_modules/primeng/fesm2022/primeng-tabs.mjs",
      "file": "primeng_tabs.js",
      "fileHash": "aa1ed623",
      "needsInterop": false
    },
    "primeng/iftalabel": {
      "src": "../../../../../../node_modules/primeng/fesm2022/primeng-iftalabel.mjs",
      "file": "primeng_iftalabel.js",
      "fileHash": "af53308c",
      "needsInterop": false
    },
    "tslib": {
      "src": "../../../../../../node_modules/tslib/tslib.es6.mjs",
      "file": "tslib.js",
      "fileHash": "517e0a56",
      "needsInterop": false
    },
    "primeng/progressspinner": {
      "src": "../../../../../../node_modules/primeng/fesm2022/primeng-progressspinner.mjs",
      "file": "primeng_progressspinner.js",
      "fileHash": "6a6c2a5c",
      "needsInterop": false
    }
  },
  "chunks": {
    "browser-AN7IUPZL": {
      "file": "browser-AN7IUPZL.js"
    },
    "chunk-GODZXRFK": {
      "file": "chunk-GODZXRFK.js"
    },
    "chunk-NRXANMYC": {
      "file": "chunk-NRXANMYC.js"
    },
    "chunk-BFKWJ2ZW": {
      "file": "chunk-BFKWJ2ZW.js"
    },
    "chunk-24VQOCP5": {
      "file": "chunk-24VQOCP5.js"
    },
    "chunk-RSGVD24G": {
      "file": "chunk-RSGVD24G.js"
    },
    "chunk-PZ65KRGK": {
      "file": "chunk-PZ65KRGK.js"
    },
    "chunk-IJGWWL4N": {
      "file": "chunk-IJGWWL4N.js"
    },
    "chunk-PPU7JCU3": {
      "file": "chunk-PPU7JCU3.js"
    },
    "chunk-5G7WYC4N": {
      "file": "chunk-5G7WYC4N.js"
    },
    "chunk-DZQHJMAW": {
      "file": "chunk-DZQHJMAW.js"
    },
    "chunk-CZMZAJ4L": {
      "file": "chunk-CZMZAJ4L.js"
    },
    "chunk-ITAJIOYC": {
      "file": "chunk-ITAJIOYC.js"
    },
    "chunk-J6SBU4Y5": {
      "file": "chunk-J6SBU4Y5.js"
    },
    "chunk-GXNSLVAU": {
      "file": "chunk-GXNSLVAU.js"
    },
    "chunk-LLO7GYZL": {
      "file": "chunk-LLO7GYZL.js"
    },
    "chunk-6DRZJSPH": {
      "file": "chunk-6DRZJSPH.js"
    },
    "chunk-Y4YTYGY4": {
      "file": "chunk-Y4YTYGY4.js"
    },
    "chunk-VMI3K6GE": {
      "file": "chunk-VMI3K6GE.js"
    },
    "chunk-5KXDAEEK": {
      "file": "chunk-5KXDAEEK.js"
    },
    "chunk-WD6C567C": {
      "file": "chunk-WD6C567C.js"
    },
    "chunk-HM5YLMWO": {
      "file": "chunk-HM5YLMWO.js"
    },
    "chunk-WDMUDEB6": {
      "file": "chunk-WDMUDEB6.js"
    }
  }
}